Name,Link
GorillaJoe82,https://www.twitch.tv/gorillajoe82
crazieturtle,https://www.twitch.tv/crazieturtle
realblizzardtv,https://www.twitch.tv/realblizzardtv
mustibaz,https://www.twitch.tv/mustibaz
halidiin,https://m.twitch.tv/halidiin/home
Pokeeebooo,https://www.twitch.tv/pokeeebooo
Flexabi,https://www.twitch.tv/flexabi
Soeler1337,https://www.twitch.tv/soeler1337
Fred_Inc,https://www.twitch.tv/fred_inc
chanieeris,https://www.twitch.tv/chanieeris
LiimonaTV,https://www.twitch.tv/liimonatv
quaniiiboiii,https://www.twitch.tv/quaniiiboiii
ausmpott,https://www.twitch.tv/ausmpott
N4cht4r4,https://www.twitch.tv/n4cht4r4
froschlee,https://www.twitch.tv/froschlee
onlyisy,https://www.twitch.tv/onlyisy
LM_Streams,https://www.twitch.tv/lm_streams
grannatapfel,https://www.twitch.tv/grannatapfel
Sarahnokumo,https://www.twitch.tv/sarahnokumo
funkyplay44,https://www.twitch.tv/funkyplay44
mocientia,https://www.twitch.tv/mocientia
AmigoTV,http://twitch.tv/AmigoTV
D3rSheriff,https://twitch.tv/d3rsheriff
hardregss,https://www.twitch.tv/hardregss
Jaurés,https://twitch.tv/jaures17
jassiegal,www.twitch.tv/jassiegal
magiclifestyle,www.twitch.tv/magiclifestyle
mii_licious,https://www.twitch.tv/mii_licious
Dronna_Blhuto,https://www.twitch.tv/dronna_blhuto
DreeyLIVE,https://www.twitch.tv/dreeylive
nerdshit,https://www.twitch.tv/nerdshit
Cano_Goat,https://www.twitch.tv/cano_goat
adrixn777_,https://www.twitch.tv/adrixn777_
christinkamalinka,https://www.twitch.tv/christinkamalinka
brumefeelings,https://www.twitch.tv/brumefeelings
Die_M1ka,https://www.twitch.tv/die_m1ka
Mato49_Tv,https://www.twitch.tv/mato49_tv
AdemBaba95,https://www.twitch.tv/adembaba95?lang=de
ugurstreamt,https://www.twitch.tv/ugurstreamt
MrEdy7,https://www.twitch.tv/mredy7
Introlike_,https://www.twitch.tv/introlike_
NeunzigProzent_,https://www.twitch.tv/neunzigprozent_
Cruznetic,https://www.twitch.tv/cruznetic
jvblestreamt,https://www.twitch.tv/jvblestreamt
naokilaif,https://www.twitch.tv/naokilaif
og_1997h,https://www.twitch.tv/og_1997h
zitronitoni,https://www.twitch.tv/zitronitoni
dennkste,https://www.twitch.tv/dennkste
frechhdachs,https://www.twitch.tv/frechhdachs
MockerZaik,https://www.twitch.tv/mockerzaik
Tcherrlly,https://www.twitch.tv/tcherrlly
itsmaQi,https://www.twitch.tv/itsmaqi
BuckelNase,https://www.twitch.tv/buckelnase
Redfetthead,https://www.twitch.tv/Redfetthead?sr=a%21
Ninsida,https://www.twitch.tv/ninsida
MikailDayi_,https://www.twitch.tv/mikaildayi_
Ramic14,https://www.twitch.tv/RamiC14
Mehluxka,https://www.twitch.tv/mehluxka
GabaTV,https://www.twitch.tv/gabatv
PotatuRisu,https://www.twitch.tv/potaturisu
Uncleqral,https://www.twitch.tv/uncleqral
fvllspeed,https://www.twitch.tv/fvllspeed
headhunt3er,https://www.twitch.tv/headhunt3er
monalisacom,https://www.twitch.tv/monalisacom
ErRoRkIlLeR_TV,https://m.twitch.tv/errorkiller_tv/home
maenniee,https://www.twitch.tv/maenniee
notorious_nati,https://www.twitch.tv/notorious_nati
okanoksn,https://www.twitch.tv/okanoksn
cenk46__,https://www.twitch.tv/Cenk46__
DrPohli,https://www.twitch.tv/drpohli
YupinaStar,https://www.twitch.tv/yupinastar
thatsgwin,https://m.twitch.tv/thatsgwin/home
zzoro_wz,https://www.twitch.tv/zzoro_wz
mallebuu,https://www.twitch.tv/mallebuu
itsmetinchen,https://www.twitch.tv/itsmetinchen
dogan96,https://www.twitch.tv/dogan96
thisisjonny04,https://www.twitch.tv/thisisjonny04
Hecarooo,https://www.twitch.tv/hecarooo
LetsStroX,https://m.twitch.tv/letsstrox/home
miuzzii,https://www.twitch.tv/miuzzii
okceline,https://www.twitch.tv/okceline
seijosa,https://www.twitch.tv/seijosa
xjonny99xx,https://www.twitch.tv/xjonny99xx
TheRealMo24,https://www.twitch.tv/therealmo24
OsmoHD,https://www.twitch.tv/osmohd
Randomhero_Alex,https://www.twitch.tv/randomhero_alex
minhlee__,https://www.twitch.tv/minhlee__
MillesGamingHD,https://www.twitch.tv/millesgaminghd
eyjulien,https://www.twitch.tv/eyjulien
BigFudge_TV_,https://www.twitch.tv/bigfudge_tv_
Queen_Ling_Ling,https://www.twitch.tv/queen_ling_ling
CarlitoFernandez69,https://m.twitch.tv/carlitofernandez69/home
callmetorii,https://www.twitch.tv/callmetorii
tarik739,https://www.twitch.tv/tarik739
emirkntmz_,https://www.twitch.tv/emirkntmz_
M1KEY31,https://www.twitch.tv/m1key31
x_Evilara_x,https://www.twitch.tv/x_evilara_x
jayjustsayin,https://www.twitch.tv/jayjustsayin
leylaaa1994,https://m.twitch.tv/leylaaa1994
dietays_tw,https://www.twitch.tv/dietays_tw
GinoCampino85,https://m.twitch.tv/ginocampino85/home
Majin_Valtrim,https://m.twitch.tv/Majin_Valtrim/home
fikri214,https://www.twitch.tv/fikri214
baluuu999,https://www.twitch.tv/baluuu999
AVZGaming,https://www.twitch.tv/avzgaming?sr=a
Felicious0406,https://www.twitch.tv/felicious0406
xjelivi,https://www.twitch.tv/xjelivi
Fatihs99,https://www.twitch.tv/fatihs99
tomek_prime,https://twitch.tv/tomek_prime
LochaAbi,https://www.twitch.tv/lochaabi
xgurbetg,https://www.twitch.tv/xgurbetg
rabestiax,https://www.twitch.tv/rabestiax
eloquenzz,https://www.twitch.tv/eloquenzz
daddyk1nschu,https://www.twitch.tv/daddyk1nschu
Der_Husslon,https://www.twitch.tv/der_husslon
TTigerV,https://www.twitch.tv/ttigerv
zpreze,https://www.twitch.tv/zpreze
DonalDuckTV,https://www.twitch.tv/donalducktv
McMaiFeLd,https://www.twitch.tv/mcmaifeld
Halbinho91,https://m.twitch.tv/halbinho91/home
Nikos_q,https://www.twitch.tv/nikos_q
1mahmuud,https://www.twitch.tv/1mahmuud
sultan_pk,https://www.twitch.tv/sultan_pk
DzeyDzo,https://www.twitch.tv/dzeydzo
2beta9,www.twitch.tv/2beta9
Macchinista_kk,https://www.twitch.tv/macchinista_kk
itzsympathyy,https://twitch.tv/itzsympathyy
wolfhealy,https://www.twitch.tv/wolfhealy
vqueeni,https://www.twitch.tv/vqueeni
Beksreaper,https://www.twitch.tv/beksreaper
rokstarna,https://www.twitch.tv/rokstarna
SweetAngel,https://www.twitch.tv/sweetangell22
MoTastisch,https://www.twitch.tv/motastischtv
dzenoZH,https://www.twitch.tv/dzeno_zh
BellNoire,https://www.twitch.tv/bellnoire
GolDErkay,https://www.twitch.tv/golderkay?lang=de
endertainmentt,https://www.twitch.tv/endertainmentt
okceline,https://www.twitch.tv/okceline
Chris_Again,https://www.twitch.tv/chrys_again
JoycePaulin,https://linktr.ee/JoycePaulin
PeanutPlay,https://www.twitch.tv/peanutplaytv
CEOofNoHands,https://www.twitch.tv/ceoofnohands
akimho,https://www.twitch.tv/akimbraindead
og_ervo,https://www.twitch.tv/og_ervo
Kalle,https://www.twitch.tv/pepper_030
ItsVolly,https://www.twitch.tv/itsvolly
Jimswelt,www.Twitch.tv/Jimswelt
Cosya74,https://www.twitch.tv/cosya74
MiamiYalcin,https://www.twitch.tv/miamiyalcin
042malik,https://m.twitch.tv/042malik/home
tayo_rulo,https://www.twitch.tv/tayo_rulo
der_maiki,https://www.twitch.tv/der_maiki
NanScha53,https://m.twitch.tv/nanscha53/home
lizzy_gamingz,https://www.twitch.tv/lizzy_gamingz
ashineko,https://www.twitch.tv/ashineko
MrBigMik3,https://www.twitch.tv/mrbigmik3
lucadrakeoffizell,https://www.twitch.tv/lucadrakeoffizell
sousa94,https://www.twitch.tv/sousa94_
itspelokii,https://www.twitch.tv/itspelokii
AuchJulien,https://www.twitch.tv/auchjulien
justcarmii,https://www.twitch.tv/justcarmii
Haramii08,https://www.twitch.tv/haramii08
nesli0812,https://www.twitch.tv/nesli0812
xthana_,https://www.twitch.tv/xthana_
cat_bytes,https://www.twitch.tv/cat_bytes
Terrorsternchen,https://www.twitch.tv/terrorsternchen
Melizoki,https://www.twitch.tv/melizoki
sekounsoo,https://www.twitch.tv/sekounsoo
LeeJay17,https://www.twitch.tv/leejay17
andrews404,https://www.twitch.tv/andrews404
Candymannix,https://www.twitch.tv/candymannix
Mufasa60,https://m.twitch.tv/mufasa60/home
driniunique,https://www.twitch.tv/driniunique
Toodaloo91,https://www.twitch.tv/toodaloo91
hartGezockt,https://m.twitch.tv/hartGezockt/home
Marineli_TV,https://www.twitch.tv/marineli_tv
geekbueny,https://www.twitch.tv/geekbueny
JackyyTv,https://www.twitch.tv/JackyyTV
Micangelus,https://www.twitch.tv/micangelus
zTimoTV,https://www.twitch.tv/ztimotv
Fxcuso,https://www.twitch.tv/fxcuso
donkonsole,https://m.twitch.tv/donkonsole/home
derdickealbaner,https://www.twitch.tv/derdickealbaner
aileen_fiore,https://www.twitch.tv/aileen_fiore
marxan__,https://www.twitch.tv/marxan__
whostoniii,https://www.twitch.tv/whostoniii?sr=a
Felis_Chaos,https://www.twitch.tv/felis_chaos
DR_RaiinZ,https://www.twitch.tv/dr_raiinz
locke_die_socke1,https://www.twitch.tv/locke_die_socke1
TheRealNxsch,https://www.twitch.tv/therealnxsch
nepitajme,https://www.twitch.tv/nepitajme
KNG_Serkan,https://www.twitch.tv/kng_serkan
SmittyMenJackson,https://www.twitch.tv/smittymenjackson
monkaydee,https://www.twitch.tv/monkaydee
der_ismo,https://www.twitch.tv/der_ismo
LostCherryx,https://www.twitch.tv/lostcherryx
C4FERx,https://www.twitch.tv/c4ferx
darylnbd,https://www.twitch.tv/darylnbd
Fulcrum864,https://www.twitch.tv/fulcrum864
gianpier_cerza,https://www.twitch.tv/gianpier_cerza
Gol_D_Ibo47,https://www.twitch.tv/gol_d_ibo47
xMarcello89,https://www.twitch.tv/xmarcello89
whosmarc_,https://www.twitch.tv/whosmarc_
xJaiy,https://www.twitch.tv/xjaiy
timmingerx,https://www.twitch.tv/timmingerx